<application>
  <component name="DesignSurface">
    <option name="filePathToZoomLevelMap">
      <map>
        <entry key="../../../../../layout/compose-model-1603311127677.xml" value="0.1" />
        <entry key="../../../../../layout/compose-model-1603901452441.xml" value="0.1" />
        <entry key="../../../../../layout/compose-model-1603909781611.xml" value="0.1" />
        <entry key="../../../../../layout/compose-model-1605389387524.xml" value="0.3411644535240041" />
        <entry key="../../../../../layout/custom_preview.xml" value="0.5277777777777778" />
        <entry key="../../../../layout/compose-model-1603273186685.xml" value="0.1" />
        <entry key="../../../../layout/compose-model-1603304241609.xml" value="0.1" />
        <entry key="../../../../layout/compose-model-1603357011211.xml" value="0.1" />
        <entry key="../../../../layout/compose-model-1603357185560.xml" value="0.1" />
        <entry key="../../../../layout/compose-model-1603359815810.xml" value="0.1" />
        <entry key="../../../../layout/compose-model-1603391174437.xml" value="0.1" />
        <entry key="../../../../layout/compose-model-1603395442421.xml" value="0.1" />
        <entry key="../../../../layout/compose-model-1603396350717.xml" value="0.1" />
        <entry key="../../../../layout/compose-model-1603441335026.xml" value="0.1" />
        <entry key="../../../../layout/compose-model-1603454828338.xml" value="0.1" />
        <entry key="../../../../layout/compose-model-1603456613804.xml" value="0.1" />
        <entry key="../../../../layout/compose-model-1603456976004.xml" value="0.1" />
        <entry key="../../../../layout/compose-model-1603641545607.xml" value="0.1" />
        <entry key="../../../../layout/compose-model-1603641971330.xml" value="0.1" />
        <entry key="../../../../layout/compose-model-1603642012734.xml" value="0.1" />
        <entry key="../../../../layout/compose-model-1603644480448.xml" value="0.1" />
        <entry key="../../../../layout/compose-model-1603644499567.xml" value="0.1" />
        <entry key="../../../../layout/compose-model-1603645214739.xml" value="0.3490740740740741" />
        <entry key="../../../../layout/compose-model-1603654446933.xml" value="1.0" />
        <entry key="../../../../layout/compose-model-1603662898795.xml" value="0.1" />
        <entry key="../../../../layout/compose-model-1603698870503.xml" value="0.1" />
        <entry key="../../../../layout/compose-model-1603719008925.xml" value="0.1" />
        <entry key="../../../../layout/compose-model-1603720765860.xml" value="0.1" />
        <entry key="../../../../layout/compose-model-1603725528266.xml" value="0.1" />
        <entry key="../../../../layout/compose-model-1603798540231.xml" value="0.1" />
        <entry key="../../../../layout/compose-model-1603801764138.xml" value="0.1" />
        <entry key="../../../../layout/compose-model-1603802883979.xml" value="0.3425925925925926" />
        <entry key="../../../../layout/compose-model-1603803813109.xml" value="0.1" />
        <entry key="../../../../layout/compose-model-1603803882992.xml" value="0.1" />
        <entry key="../../../../layout/compose-model-1603821876921.xml" value="0.1" />
        <entry key="../../../../layout/compose-model-1603884668243.xml" value="0.1" />
        <entry key="../../../../layout/compose-model-1603884885823.xml" value="0.1" />
        <entry key="../../../../layout/compose-model-1603898790867.xml" value="0.1" />
        <entry key="../../../../layout/compose-model-1603900539940.xml" value="0.1" />
        <entry key="../../../../layout/compose-model-1603900949474.xml" value="0.1" />
        <entry key="../../../../layout/compose-model-1603902106354.xml" value="0.1" />
        <entry key="../../../../layout/compose-model-1603905217300.xml" value="0.3527777777777778" />
        <entry key="../../../../layout/compose-model-1603906570869.xml" value="0.1" />
        <entry key="../../../../layout/compose-model-1603906862394.xml" value="0.1" />
        <entry key="../../../../layout/compose-model-1603906923329.xml" value="0.3527777777777778" />
        <entry key="../../../../layout/compose-model-1603913917030.xml" value="0.1" />
        <entry key="../../../../layout/compose-model-1603918966965.xml" value="0.1" />
        <entry key="../../../../layout/compose-model-1603958341292.xml" value="0.1" />
        <entry key="../../../../layout/compose-model-1603959126145.xml" value="0.1" />
        <entry key="../../../../layout/compose-model-1603959448408.xml" value="0.1" />
        <entry key="../../../../layout/compose-model-1603959591944.xml" value="0.1" />
        <entry key="../../../../layout/compose-model-1603959629161.xml" value="0.1" />
        <entry key="../../../../layout/compose-model-1603960138055.xml" value="0.1" />
        <entry key="../../../../layout/compose-model-1603960852684.xml" value="0.1" />
        <entry key="../../../../layout/compose-model-1603963486880.xml" value="0.1" />
        <entry key="../../../../layout/compose-model-1603963616681.xml" value="0.1" />
        <entry key="../../../../layout/compose-model-1603964004937.xml" value="0.1" />
        <entry key="../../../../layout/compose-model-1603964542149.xml" value="0.1" />
        <entry key="../../../../layout/compose-model-1603965076746.xml" value="0.1" />
        <entry key="../../../../layout/compose-model-1603965257868.xml" value="0.1" />
        <entry key="../../../../layout/compose-model-1603965620779.xml" value="0.1" />
        <entry key="../../../../layout/compose-model-1603965722333.xml" value="0.1" />
        <entry key="../../../../layout/compose-model-1603967975314.xml" value="0.1" />
        <entry key="../../../../layout/compose-model-1603968413424.xml" value="0.1" />
        <entry key="../../../../layout/compose-model-1603968940643.xml" value="0.1" />
        <entry key="../../../../layout/compose-model-1603969181610.xml" value="0.1" />
        <entry key="../../../../layout/compose-model-1603970784035.xml" value="0.9693877551020408" />
        <entry key="../../../../layout/compose-model-1603971636051.xml" value="0.35185185185185186" />
        <entry key="../../../../layout/compose-model-1603980528489.xml" value="0.1" />
        <entry key="../../../../layout/compose-model-1603981720171.xml" value="0.1" />
        <entry key="../../../../layout/compose-model-1603989691564.xml" value="0.1" />
        <entry key="../../../../layout/compose-model-1603994529551.xml" value="0.1" />
        <entry key="../../../../layout/compose-model-1604001651471.xml" value="0.1" />
        <entry key="../../../../layout/compose-model-1604001661246.xml" value="0.1" />
        <entry key="../../../../layout/compose-model-1604046032350.xml" value="0.1" />
        <entry key="../../../../layout/compose-model-1604051976982.xml" value="0.1" />
        <entry key="../../../../layout/compose-model-1604065711020.xml" value="0.1" />
        <entry key="../../../../layout/compose-model-1604071660208.xml" value="0.1" />
        <entry key="../../../../layout/compose-model-1604071762933.xml" value="0.1" />
        <entry key="../../../../layout/compose-model-1604072116525.xml" value="0.1" />
        <entry key="../../../../layout/compose-model-1604080264432.xml" value="0.1" />
        <entry key="../../../../layout/compose-model-1604098231632.xml" value="0.1" />
        <entry key="../../../../layout/compose-model-1604100731382.xml" value="0.1" />
        <entry key="../../../../layout/compose-model-1604140884869.xml" value="0.1" />
        <entry key="../../../../layout/compose-model-1604155307113.xml" value="0.1" />
        <entry key="../../../../layout/compose-model-1604181938414.xml" value="0.35462962962962963" />
        <entry key="../../../../layout/compose-model-1604186994350.xml" value="0.35462962962962963" />
        <entry key="../../../../layout/compose-model-1604187369338.xml" value="0.1" />
        <entry key="../../../../layout/compose-model-1604187489081.xml" value="0.1" />
        <entry key="../../../../layout/compose-model-1604238226732.xml" value="0.1" />
        <entry key="../../../../layout/compose-model-1604307279423.xml" value="0.1" />
        <entry key="../../../../layout/compose-model-1604307482266.xml" value="0.1" />
        <entry key="../../../../layout/compose-model-1604320802004.xml" value="0.1" />
        <entry key="../../../../layout/compose-model-1604320805892.xml" value="0.1" />
        <entry key="../../../../layout/compose-model-1604324928156.xml" value="0.1" />
        <entry key="../../../../layout/compose-model-1604328617569.xml" value="0.1" />
        <entry key="../../../../layout/compose-model-1604332492544.xml" value="0.1" />
        <entry key="../../../../layout/compose-model-1604335251502.xml" value="0.1" />
        <entry key="../../../../layout/compose-model-1604339308243.xml" value="0.1" />
        <entry key="../../../../layout/compose-model-1604339669379.xml" value="0.1" />
        <entry key="../../../../layout/compose-model-1604348031733.xml" value="0.1" />
        <entry key="../../../../layout/compose-model-1604348604140.xml" value="0.1" />
        <entry key="../../../../layout/compose-model-1604348643208.xml" value="0.1" />
        <entry key="../../../../layout/compose-model-1604348689449.xml" value="0.1" />
        <entry key="../../../../layout/compose-model-1604348916306.xml" value="0.1" />
        <entry key="../../../../layout/compose-model-1604349165217.xml" value="0.1" />
        <entry key="../../../../layout/compose-model-1604349867684.xml" value="0.1" />
        <entry key="../../../../layout/compose-model-1604350080594.xml" value="0.1" />
        <entry key="../../../../layout/compose-model-1604350139634.xml" value="0.1" />
        <entry key="../../../../layout/compose-model-1604352506455.xml" value="0.1" />
        <entry key="../../../../layout/compose-model-1604393713544.xml" value="0.1" />
        <entry key="../../../../layout/compose-model-1604394703719.xml" value="0.1" />
        <entry key="../../../../layout/compose-model-1604399362361.xml" value="0.1" />
        <entry key="../../../../layout/compose-model-1604404530214.xml" value="0.1" />
        <entry key="../../../../layout/compose-model-1604405137282.xml" value="0.1" />
        <entry key="../../../../layout/compose-model-1604405156987.xml" value="0.1" />
        <entry key="../../../../layout/compose-model-1604411842003.xml" value="0.1" />
        <entry key="../../../../layout/compose-model-1604411934294.xml" value="0.1" />
        <entry key="../../../../layout/compose-model-1604415389978.xml" value="0.1" />
        <entry key="../../../../layout/compose-model-1604428942899.xml" value="0.1" />
        <entry key="../../../../layout/compose-model-1604503575116.xml" value="0.1" />
        <entry key="../../../../layout/compose-model-1604506006895.xml" value="0.1" />
        <entry key="../../../../layout/compose-model-1604567705484.xml" value="0.1" />
        <entry key="../../../../layout/compose-model-1604580546284.xml" value="0.1" />
        <entry key="../../../../layout/compose-model-1604674620511.xml" value="0.1" />
        <entry key="../../../../layout/compose-model-1604675174902.xml" value="0.1" />
        <entry key="../../../../layout/compose-model-1604675235122.xml" value="0.1" />
        <entry key="../../../../layout/compose-model-1604676166310.xml" value="0.1" />
        <entry key="../../../../layout/compose-model-1604676296533.xml" value="0.1" />
        <entry key="../../../../layout/compose-model-1604679741564.xml" value="0.1" />
        <entry key="../../../../layout/compose-model-1604858636299.xml" value="0.1" />
        <entry key="../../../../layout/compose-model-1604860379746.xml" value="0.1" />
        <entry key="../../../../layout/compose-model-1604860914838.xml" value="0.1" />
        <entry key="../../../../layout/compose-model-1604860976701.xml" value="0.1" />
        <entry key="../../../../layout/compose-model-1604915726538.xml" value="0.3574074074074074" />
        <entry key="../../../../layout/compose-model-1604921031952.xml" value="0.1" />
        <entry key="../../../../layout/compose-model-1604921390807.xml" value="1.0" />
        <entry key="../../../../layout/compose-model-1604923922294.xml" value="0.1" />
        <entry key="../../../../layout/compose-model-1604930004469.xml" value="0.1" />
        <entry key="../../../../layout/compose-model-1604930139939.xml" value="0.1" />
        <entry key="../../../../layout/compose-model-1604943209156.xml" value="0.1" />
        <entry key="../../../../layout/compose-model-1604944480984.xml" value="0.1" />
        <entry key="../../../../layout/compose-model-1604945848094.xml" value="0.1" />
        <entry key="../../../../layout/compose-model-1604945906145.xml" value="0.1" />
        <entry key="../../../../layout/compose-model-1604947208788.xml" value="0.1" />
        <entry key="../../../../layout/compose-model-1604950926326.xml" value="0.1" />
        <entry key="../../../../layout/compose-model-1604951074985.xml" value="0.1" />
        <entry key="../../../../layout/compose-model-1604953170103.xml" value="0.1" />
        <entry key="../../../../layout/compose-model-1605027583887.xml" value="0.1" />
        <entry key="../../../../layout/compose-model-1605172813472.xml" value="0.1" />
        <entry key="../../../../layout/compose-model-1605204113713.xml" value="0.1" />
        <entry key="../../../../layout/compose-model-1605205440641.xml" value="0.1" />
        <entry key="../../../../layout/compose-model-1605219564244.xml" value="0.1" />
        <entry key="../../../../layout/compose-model-1605220438248.xml" value="0.1" />
        <entry key="../../../../layout/compose-model-1605261719123.xml" value="0.1" />
        <entry key="../../../../layout/compose-model-1605261747053.xml" value="0.1" />
        <entry key="../../../../layout/compose-model-1605261754220.xml" value="0.1" />
        <entry key="../../../../layout/compose-model-1605261764146.xml" value="0.1" />
        <entry key="../../../../layout/compose-model-1605261900149.xml" value="0.1" />
        <entry key="../../../../layout/compose-model-1605261908754.xml" value="0.1" />
        <entry key="../../../../layout/compose-model-1605261942728.xml" value="0.1" />
        <entry key="../../../../layout/compose-model-1605262089267.xml" value="0.1" />
        <entry key="../../../../layout/compose-model-1605262227188.xml" value="0.1" />
        <entry key="../../../../layout/compose-model-1605262235107.xml" value="0.1" />
        <entry key="../../../../layout/compose-model-1605262299828.xml" value="0.1" />
        <entry key="../../../../layout/compose-model-1605262341174.xml" value="0.1" />
        <entry key="../../../../layout/compose-model-1605267211273.xml" value="0.1" />
        <entry key="../../../../layout/compose-model-1605267678621.xml" value="0.1" />
        <entry key="../../../../layout/compose-model-1605277828910.xml" value="0.1" />
        <entry key="../../../../layout/compose-model-1605282881968.xml" value="0.1" />
        <entry key="../../../../layout/compose-model-1605288369677.xml" value="0.1" />
        <entry key="../../../../layout/compose-model-1605304877860.xml" value="0.1" />
        <entry key="../../../../layout/compose-model-1605383316371.xml" value="0.1" />
        <entry key="../../../../layout/compose-model-1605457727041.xml" value="0.1" />
        <entry key="../../../../layout/compose-model-1605516750411.xml" value="0.1" />
        <entry key="../../../../layout/compose-model-1605525002010.xml" value="0.1" />
        <entry key="../../../../layout/compose-model-1605608010195.xml" value="0.1" />
        <entry key="../../../../layout/compose-model-1605647785216.xml" value="0.1" />
        <entry key="../../../../layout/compose-model-1605648454594.xml" value="0.1" />
        <entry key="../../../../layout/compose-model-1605703243494.xml" value="0.1" />
        <entry key="../../../../layout/compose-model-1605706475650.xml" value="0.1" />
        <entry key="../../../../layout/compose-model-1605714785870.xml" value="0.1" />
        <entry key="../../../../layout/compose-model-1605734077822.xml" value="0.1" />
        <entry key="../../../../layout/compose-model-1605736179690.xml" value="0.1" />
        <entry key="../../../../layout/compose-model-1605736236490.xml" value="0.1" />
        <entry key="../../../../layout/compose-model-1605738774786.xml" value="0.1" />
        <entry key="../../../../layout/compose-model-1605779420465.xml" value="0.1" />
        <entry key="../../../../layout/compose-model-1605779467240.xml" value="0.1" />
        <entry key="../../../../layout/compose-model-1605872615167.xml" value="0.1" />
        <entry key="../../../../layout/compose-model-1605980193284.xml" value="0.1" />
        <entry key="../../../../layout/compose-model-1605980230614.xml" value="0.1" />
        <entry key="../../../../layout/compose-model-1606158672691.xml" value="0.1" />
        <entry key="../../../../layout/compose-model-1606211010818.xml" value="0.1" />
        <entry key="../../../../layout/compose-model-1606227407583.xml" value="0.1" />
        <entry key="../../../../layout/compose-model-1606227432274.xml" value="0.1" />
        <entry key="../../../../layout/compose-model-1606238800150.xml" value="1.0" />
        <entry key="../../../../layout/compose-model-1606241273837.xml" value="2.0" />
        <entry key="../../../../layout/compose-model-1606298397684.xml" value="0.1" />
        <entry key="../../../../layout/compose-model-1606303169381.xml" value="0.1" />
        <entry key="../../../../layout/compose-model-1606341725705.xml" value="0.1" />
        <entry key="../../../../layout/compose-model-1606380562008.xml" value="0.1" />
        <entry key="../../../../layout/compose-model-1606823826992.xml" value="0.1" />
        <entry key="../../../../layout/compose-model-1606826148846.xml" value="0.1" />
        <entry key="../../../../layout/compose-model-1606856849464.xml" value="0.1" />
        <entry key="../../../../layout/custom_preview.xml" value="0.1" />
        <entry key="../../.gradle/caches/transforms-2/files-2.1/3a645c64b3f539e980ad585e9b8e7d84/jetified-native-sdk-6.9.1.0/res/layout/content_pc.xml" value="0.3638888888888889" />
        <entry key="../../.gradle/caches/transforms-2/files-2.1/3a645c64b3f539e980ad585e9b8e7d84/jetified-native-sdk-6.9.1.0/res/layout/content_purpose_list.xml" value="0.3638888888888889" />
        <entry key="../../.gradle/caches/transforms-2/files-2.1/3a645c64b3f539e980ad585e9b8e7d84/jetified-native-sdk-6.9.1.0/res/layout/fragment_ot_pc.xml" value="0.3638888888888889" />
        <entry key="../../.gradle/caches/transforms-2/files-2.1/3a645c64b3f539e980ad585e9b8e7d84/jetified-native-sdk-6.9.1.0/res/layout/fragment_ot_sdk_list_filter.xml" value="0.3638888888888889" />
        <entry key="../../.gradle/caches/transforms-2/files-2.1/3a645c64b3f539e980ad585e9b8e7d84/jetified-native-sdk-6.9.1.0/res/layout/group_description_list.xml" value="0.3638888888888889" />
        <entry key="android/res/layout/about.xml" value="0.35185185185185186" />
        <entry key="android/res/layout/beeunlocked.xml" value="0.35185185185185186" />
        <entry key="android/res/layout/belohnung.xml" value="0.35185185185185186" />
        <entry key="android/res/layout/camera.xml" value="0.35185185185185186" />
        <entry key="android/res/layout/camerademo.xml" value="0.35185185185185186" />
        <entry key="android/res/layout/charakterauswahl.xml" value="0.35185185185185186" />
        <entry key="android/res/layout/einfuehrung1.xml" value="0.35185185185185186" />
        <entry key="android/res/layout/einfuehrung2.xml" value="0.35185185185185186" />
        <entry key="android/res/layout/einfuehrung3.xml" value="0.35185185185185186" />
        <entry key="android/res/layout/elterngate.xml" value="0.35185185185185186" />
        <entry key="android/res/layout/elternmenu.xml" value="0.35185185185185186" />
        <entry key="android/res/layout/elternvielendank.xml" value="0.35555555555555557" />
        <entry key="android/res/layout/game.xml" value="0.35185185185185186" />
        <entry key="android/res/layout/gameguide.xml" value="0.35185185185185186" />
        <entry key="android/res/layout/gamekai.xml" value="0.35185185185185186" />
        <entry key="android/res/layout/gameresultbad.xml" value="0.35185185185185186" />
        <entry key="android/res/layout/gameresultgood.xml" value="0.35185185185185186" />
        <entry key="android/res/layout/impressum.xml" value="0.5311203319502075" />
        <entry key="android/res/layout/menu.xml" value="0.35185185185185186" />
        <entry key="android/res/layout/neuigkeiten.xml" value="0.35555555555555557" />
        <entry key="android/res/layout/newsletter.xml" value="0.35555555555555557" />
        <entry key="android/res/layout/newsletter_alread_registered.xml" value="0.35555555555555557" />
        <entry key="android/res/layout/newsletterandbee.xml" value="0.35555555555555557" />
        <entry key="android/res/layout/ratgeberzahngesundheit.xml" value="0.35185185185185186" />
        <entry key="android/res/layout/soundboard.xml" value="0.35185185185185186" />
        <entry key="android/res/layout/soundboardcell.xml" value="0.35185185185185186" />
        <entry key="android/res/layout/soundboardrow.xml" value="0.35185185185185186" />
        <entry key="android/res/layout/startseite.xml" value="0.35185185185185186" />
        <entry key="android/res/layout/unlockbee.xml" value="0.35185185185185186" />
        <entry key="android/res/layout/zahnplanapp.xml" value="0.362962962962963" />
        <entry key="app/src/main/res/drawable-night/ic_login_bottom.xml" value="0.5148148148148148" />
        <entry key="app/src/main/res/drawable-night/ic_login_top.xml" value="0.5148148148148148" />
        <entry key="app/src/main/res/drawable-night/ic_logo.xml" value="0.5148148148148148" />
        <entry key="app/src/main/res/drawable-night/ic_welcome_bottom.xml" value="0.5148148148148148" />
        <entry key="app/src/main/res/drawable-night/ic_welcome_top.xml" value="0.5203703703703704" />
        <entry key="app/src/main/res/drawable-v26/ic_launcher_background.xml" value="0.41203703703703703" />
        <entry key="app/src/main/res/drawable-v26/ic_launcher_foreground.xml" value="0.41203703703703703" />
        <entry key="app/src/main/res/drawable/ic_dark_login_bottom.xml" value="0.5148148148148148" />
        <entry key="app/src/main/res/drawable/ic_dark_login_top.xml" value="0.5148148148148148" />
        <entry key="app/src/main/res/drawable/ic_dark_welcome.xml" value="0.5148148148148148" />
        <entry key="app/src/main/res/drawable/ic_dark_welcome_top.xml" value="0.5148148148148148" />
        <entry key="app/src/main/res/drawable/ic_launcher_foreground.xml" value="0.5203703703703704" />
        <entry key="app/src/main/res/drawable/ic_light_login_bottom.xml" value="0.5148148148148148" />
        <entry key="app/src/main/res/drawable/ic_light_login_top.xml" value="0.5148148148148148" />
        <entry key="app/src/main/res/drawable/ic_light_welcome.xml" value="0.5148148148148148" />
        <entry key="app/src/main/res/drawable/ic_light_welcome_top.xml" value="0.5148148148148148" />
        <entry key="app/src/main/res/drawable/ic_login_bottom.xml" value="0.5148148148148148" />
        <entry key="app/src/main/res/drawable/ic_login_top.xml" value="0.5148148148148148" />
        <entry key="app/src/main/res/drawable/ic_logo.xml" value="0.5203703703703704" />
        <entry key="app/src/main/res/drawable/ic_notification.xml" value="0.41759259259259257" />
        <entry key="app/src/main/res/drawable/ic_welcome_bottom.xml" value="0.5203703703703704" />
        <entry key="app/src/main/res/drawable/ic_welcome_top.xml" value="0.5148148148148148" />
        <entry key="app/src/main/res/layout/activity_main.xml" value="0.3638888888888889" />
        <entry key="app/src/main/res/layout/content_main.xml" value="0.3638888888888889" />
        <entry key="app/src/main/res/layout/example_activity.xml" value="0.4685185185185185" />
        <entry key="app/src/main/res/layout/fragment_lead_details.xml" value="0.38796296296296295" />
        <entry key="app/src/main/res/layout/item_dashboard_header.xml" value="0.240990990990991" />
        <entry key="app/src/main/res/layout/item_lead_details.xml" value="0.3814814814814815" />
        <entry key="app/src/main/res/layout/simple_layout.xml" value="0.5083333333333333" />
        <entry key="app/src/main/res/mipmap-anydpi-v26/ic_launcher.xml" value="0.5203703703703704" />
        <entry key="app/src/main/res/mipmap-anydpi-v26/ic_launcher_round.xml" value="0.5203703703703704" />
        <entry key="core-ui/src/main/res/drawable/button_background.xml" value="0.5212962962962963" />
        <entry key="core-ui/src/main/res/drawable/card_background.xml" value="0.5212962962962963" />
        <entry key="core-ui/src/main/res/drawable/card_background_top.xml" value="0.5212962962962963" />
        <entry key="core-ui/src/main/res/drawable/card_translucent.xml" value="0.5212962962962963" />
        <entry key="core-ui/src/main/res/drawable/color_primary.xml" value="0.5212962962962963" />
        <entry key="core-ui/src/main/res/drawable/color_surface.xml" value="0.5212962962962963" />
        <entry key="core-ui/src/main/res/drawable/color_transparent.xml" value="0.5212962962962963" />
        <entry key="core-ui/src/main/res/drawable/list_divider.xml" value="0.5212962962962963" />
        <entry key="core-ui/src/main/res/drawable/popup_background.xml" value="0.512962962962963" />
        <entry key="core-ui/src/main/res/drawable/progress_circle.xml" value="0.5212962962962963" />
        <entry key="core-ui/src/main/res/drawable/progress_circle_background.xml" value="0.5212962962962963" />
        <entry key="core-ui/src/main/res/drawable/selectable_surface_background.xml" value="0.5212962962962963" />
        <entry key="core-ui/src/main/res/drawable/selected_surface_ripple.xml" value="0.512962962962963" />
        <entry key="core-ui/src/main/res/drawable/shape_avatar_circle.xml" value="0.5212962962962963" />
        <entry key="core-ui/src/main/res/drawable/surface_ripple.xml" value="0.5166666666666667" />
        <entry key="core-ui/src/main/res/drawable/unlock_button_background.xml" value="0.5212962962962963" />
        <entry key="core-ui/src/main/res/drawable/visibility_toggle_selector.xml" value="0.5212962962962963" />
        <entry key="core-ui/src/main/res/layout/fragment_bottom_sheet.xml" value="0.47314814814814815" />
        <entry key="core-ui/src/main/res/layout/item_chip.xml" value="0.47314814814814815" />
        <entry key="core-ui/src/main/res/layout/item_dialog_header.xml" value="0.47314814814814815" />
        <entry key="core-ui/src/main/res/layout/item_dialog_row.xml" value="0.47314814814814815" />
        <entry key="features/auth/src/main/res/layout/fragment_login.xml" value="0.4351851851851852" />
        <entry key="features/dashboard/src/main/res/layout/fragment_dashboard.xml" value="0.4351851851851852" />
        <entry key="features/onboarding/src/main/res/layout/fragment_onboarding.xml" value="0.4351851851851852" />
        <entry key="icons/src/main/res/drawable/ic_anim_arrow_to_menu.xml" value="0.512962962962963" />
        <entry key="icons/src/main/res/drawable/ic_anim_close_to_more.xml" value="0.512962962962963" />
        <entry key="icons/src/main/res/drawable/ic_anim_more_to_close.xml" value="0.512962962962963" />
        <entry key="icons/src/main/res/drawable/ic_bookmark.xml" value="0.512962962962963" />
        <entry key="icons/src/main/res/drawable/ic_close.xml" value="0.5212962962962963" />
        <entry key="icons/src/main/res/drawable/ic_folder.xml" value="0.5324074074074074" />
        <entry key="icons/src/main/res/drawable/ic_more_vertical.xml" value="0.512962962962963" />
        <entry key="icons/src/main/res/drawable/ic_unlock.xml" value="0.5324074074074074" />
        <entry key="launcher/src/main/res/layout/activity_launcher.xml" value="0.37222222222222223" />
        <entry key="launcher/src/main/res/menu/bottom_navigation_menu.xml" value="0.3731481481481482" />
        <entry key="presentation/src/main/res/layout/activity_home.xml" value="0.47314814814814815" />
        <entry key="presentation/src/main/res/layout/fragment_drawer.xml" value="0.4740740740740741" />
        <entry key="presentation/src/main/res/layout/fragment_entry_details.xml" value="0.47314814814814815" />
        <entry key="presentation/src/main/res/layout/fragment_explore.xml" value="0.4648148148148148" />
        <entry key="presentation/src/main/res/layout/fragment_open.xml" value="0.47914735866543096" />
        <entry key="presentation/src/main/res/layout/item_details_asset.xml" value="0.47314814814814815" />
        <entry key="presentation/src/main/res/layout/item_details_header.xml" value="0.47314814814814815" />
        <entry key="presentation/src/main/res/layout/item_details_otp.xml" value="0.46944444444444444" />
        <entry key="presentation/src/main/res/layout/item_details_page.xml" value="0.47314814814814815" />
        <entry key="presentation/src/main/res/layout/item_details_property.xml" value="0.46944444444444444" />
        <entry key="presentation/src/main/res/layout/item_details_property_masked.xml" value="0.46944444444444444" />
        <entry key="presentation/src/main/res/layout/item_details_tab.xml" value="0.47314814814814815" />
        <entry key="presentation/src/main/res/layout/item_details_tags.xml" value="0.47314814814814815" />
        <entry key="presentation/src/main/res/layout/item_drawer.xml" value="0.4740740740740741" />
        <entry key="presentation/src/main/res/layout/item_entry.xml" value="0.4648148148148148" />
        <entry key="presentation/src/main/res/layout/item_header.xml" value="0.4740740740740741" />
        <entry key="presentation/src/main/res/layout/item_info.xml" value="0.4740740740740741" />
        <entry key="presentation/src/main/res/layout/item_recent_file.xml" value="0.4740740740740741" />
        <entry key="resources/src/main/res/drawable/ic_battery_warning.xml" value="0.537962962962963" />
        <entry key="resources/src/main/res/drawable/ic_call.xml" value="0.3148148148148148" />
        <entry key="resources/src/main/res/drawable/ic_compass.xml" value="0.42777777777777776" />
        <entry key="resources/src/main/res/drawable/ic_filter.xml" value="0.4759259259259259" />
        <entry key="resources/src/main/res/drawable/ic_info.xml" value="0.41944444444444445" />
        <entry key="resources/src/main/res/drawable/ic_logo.xml" value="0.4203703703703704" />
        <entry key="resources/src/main/res/drawable/ic_logo_notification.xml" value="0.4074074074074074" />
        <entry key="resources/src/main/res/drawable/ic_magnifier.xml" value="0.3731481481481482" />
        <entry key="resources/src/main/res/drawable/ic_my_location.xml" value="0.41574074074074074" />
        <entry key="resources/src/main/res/drawable/ic_person.xml" value="0.4305555555555556" />
        <entry key="resources/src/main/res/drawable/ic_person_30dp.xml" value="0.3731481481481482" />
        <entry key="resources/src/main/res/drawable/ic_person_add.xml" value="0.537962962962963" />
        <entry key="resources/src/main/res/drawable/ic_person_avatar.xml" value="0.4305555555555556" />
        <entry key="resources/src/main/res/drawable/ic_person_small.xml" value="0.42407407407407405" />
        <entry key="resources/src/main/res/drawable/ic_pin_buble.xml" value="0.4305555555555556" />
        <entry key="resources/src/main/res/drawable/ic_pin_buble_alt.xml" value="0.3731481481481482" />
        <entry key="resources/src/main/res/drawable/ic_star.xml" value="0.4203703703703704" />
        <entry key="resources/src/main/res/drawable/ic_success.xml" value="0.3541666666666667" />
        <entry key="resources/src/main/res/drawable/ic_support.xml" value="0.3148148148148148" />
        <entry key="resources/src/main/res/drawable/ic_tab_bar_help.xml" value="0.34739583333333335" />
        <entry key="resources/src/main/res/drawable/splash.xml" value="0.4203703703703704" />
        <entry key="resources/src/main/res/mipmap-anydpi-v26/ic_launcher.xml" value="0.3731481481481482" />
      </map>
    </option>
  </component>
</application>